Workbook

Sheet Sheet1
A1: Week Ending Date | B1: Retailer / Channel | C1: Region | D1: Brand | E1: Sub-Category | F1: Product Description | G1: Units Sold | H1: Average Price Per Unit | I1: Total Dollar Sales | J1: Promotional Status | K1: Baseline Dollar Sales | L1: Incremental Dollar Sales
A2: 45948 | B2: Walmart | C2: Southeast | D2: Little Debbie | E2: Snack Cakes | F2: Oatmeal Cream Pies | G2: 12450 | H2: 2.49 | I2: =G2*H2 -> 31000.5 | J2: Non-Promoted | K2: 31000.5 | L2: =I2-K2 -> 0
A3: 45948 | B3: Kroger | C3: Midwest | D3: Hostess | E3: Snack Cakes | F3: Twinkies | G3: 4820 | H3: 3.79 | I3: =G3*H3 -> 18267.8 | J3: Non-Promoted | K3: 18267.8 | L3: =I3-K3 -> 0
A4: 45948 | B4: Target | C4: Northeast | D4: Drake's | E4: Snack Cakes | F4: Ring Dings | G4: 3150 | H4: 3.99 | I4: =G4*H4 -> 12568.5 | J4: Non-Promoted | K4: 12568.5 | L4: =I4-K4 -> 0
A5: 45948 | B5: Convenience | C5: Southeast | D5: Little Debbie | E5: Pies | F5: Honey Buns | G5: 6850 | H5: 1.89 | I5: =G5*H5 -> 12946.5 | J5: Non-Promoted | K5: 12946.5 | L5: =I5-K5 -> 0
A6: 45955 | B6: Walmart | C6: Southeast | D6: Little Debbie | E6: Rolls | F6: Swiss Rolls | G6: 14800 | H6: 2.19 | I6: =G6*H6 -> 32412 | J6: Price Cut | K6: 25800 | L6: =I6-K6 -> 6612
A7: 45955 | B7: Kroger | C7: Southeast | D7: Little Debbie | E7: Seasonal | F7: Pumpkin Delights | G7: 11200 | H7: 2.69 | I7: =G7*H7 -> 30128 | J7: Non-Promoted | K7: 30128 | L7: =I7-K7 -> 0
A8: 45955 | B8: Target | C8: Midwest | D8: Hostess | E8: Rolls | F8: Ho Hos | G8: 3650 | H8: 3.89 | I8: =G8*H8 -> 14198.5 | J8: Non-Promoted | K8: 14198.5 | L8: =I8-K8 -> 0
A9: 45955 | B9: Convenience | C9: West | D9: Private Label | E9: Pies | F9: Glazed Apple Pies | G9: 1950 | H9: 1.69 | I9: =G9*H9 -> 3295.5 | J9: Non-Promoted | K9: 3295.5 | L9: =I9-K9 -> 0
A10: 45962 | B10: Walmart | C10: Midwest | D10: Little Debbie | E10: Snack Cakes | F10: Cosmic Brownies | G10: 6200 | H10: 2.49 | I10: =G10*H10 -> 15438 | J10: Non-Promoted | K10: 15438 | L10: =I10-K10 -> 0
A11: 45962 | B11: Walmart | C11: Southeast | D11: Hostess | E11: Snack Cakes | F11: CupCakes | G11: 7800 | H11: 3.49 | I11: =G11*H11 -> 27222 | J11: Price Cut | K11: 22100 | L11: =I11-K11 -> 5122
A12: 45962 | B12: Kroger | C12: Southeast | D12: Little Debbie | E12: Snack Cakes | F12: Zebra Cakes | G12: 13900 | H12: 2.19 | I12: =G12*H12 -> 30441 | J12: Feature & Display | K12: 21500 | L12: =I12-K12 -> 8941
A13: 45962 | B13: Target | C13: West | D13: Private Label | E13: Snack Cakes | F13: Chocolate Snack Cakes | G13: 2400 | H13: 1.99 | I13: =G13*H13 -> 4776 | J13: Non-Promoted | K13: 4776 | L13: =I13-K13 -> 0
... A201: 46291 | B201: Walmart | C201: Midwest | D201: Hostess | E201: Snack Cakes | F201: Ding Dongs | G201: 4600 | H201: 3.89 | I201: =G201*H201 -> 17894 | J201: Non-Promoted | K201: 17894 | L201: =I201-K201 -> 0

Sheet Summary Dashboard
B2: Category Management Summary Dashboard
B3: Nielsen Scan Data Analysis • Performance Overview & Promotional Effectiveness
B4: Brand Market Share | H4: Promotional Lift Analysis (Little Debbie)
B5: Brand | C5: Total Dollar Sales | D5: % Dollar Share | E5: Total Units Sold | F5: % Unit Share | H5: Promotional Status | I5: Avg Incremental Sales | J5: Total Incremental Sales | K5: Total Units Sold
B6: Little Debbie | C6: =SUMIF(Sheet1!$D$2:$D$201, B6, Sheet1!$I$2:$I$201) -> 3221227 | D6: =C6/$C$10 -> 0.73851701 | E6: =SUMIF(Sheet1!$D$2:$D$201, B6, Sheet1!$G$2:$G$201) -> 1378300 | F6: =E6/$E$10 -> 0.81098415 | H6: Feature & Display | I6: =AVERAGEIFS(Sheet1!$L$2:$L$201, Sheet1!$D$2:$D$201, "Little Debbie", Sheet1!$J$2:$J$201, H6) -> 9680.1667 | J6: =SUMIFS(Sheet1!$L$2:$L$201, Sheet1!$D$2:$D$201, "Little Debbie", Sheet1!$J$2:$J$201, H6) -> 174243 | K6: =SUMIFS(Sheet1!$G$2:$G$201, Sheet1!$D$2:$D$201, "Little Debbie", Sheet1!$J$2:$J$201, H6) -> 326700
B7: Hostess | C7: =SUMIF(Sheet1!$D$2:$D$201, B7, Sheet1!$I$2:$I$201) -> 728985.1 | D7: =C7/$C$10 -> 0.16713131 | E7: =SUMIF(Sheet1!$D$2:$D$201, B7, Sheet1!$G$2:$G$201) -> 195590 | F7: =E7/$E$10 -> 0.11508408 | H7: Price Cut | I7: =AVERAGEIFS(Sheet1!$L$2:$L$201, Sheet1!$D$2:$D$201, "Little Debbie", Sheet1!$J$2:$J$201, H7) -> 7712.875 | J7: =SUMIFS(Sheet1!$L$2:$L$201, Sheet1!$D$2:$D$201, "Little Debbie", Sheet1!$J$2:$J$201, H7) -> 123406 | K7: =SUMIFS(Sheet1!$G$2:$G$201, Sheet1!$D$2:$D$201, "Little Debbie", Sheet1!$J$2:$J$201, H7) -> 255400
B8: Drake's | C8: =SUMIF(Sheet1!$D$2:$D$201, B8, Sheet1!$I$2:$I$201) -> 323013.5 | D8: =C8/$C$10 -> 0.074055931 | E8: =SUMIF(Sheet1!$D$2:$D$201, B8, Sheet1!$G$2:$G$201) -> 78650 | F8: =E8/$E$10 -> 0.046277228 | H8: Non-Promoted | I8: =ROUND(AVERAGEIFS(Sheet1!$L$2:$L$201, Sheet1!$D$2:$D$201, "Little Debbie", Sheet1!$J$2:$J$201, H8), 2) -> 0 | J8: =ROUND(SUMIFS(Sheet1!$L$2:$L$201, Sheet1!$D$2:$D$201, "Little Debbie", Sheet1!$J$2:$J$201, H8), 2) -> 0 | K8: =SUMIFS(Sheet1!$G$2:$G$201, Sheet1!$D$2:$D$201, "Little Debbie", Sheet1!$J$2:$J$201, H8) -> 796200
B9: Private Label | C9: =SUMIF(Sheet1!$D$2:$D$201, B9, Sheet1!$I$2:$I$201) -> 88525 | D9: =C9/$C$10 -> 0.02029575 | E9: =SUMIF(Sheet1!$D$2:$D$201, B9, Sheet1!$G$2:$G$201) -> 47000 | F9: =E9/$E$10 -> 0.027654542 | H9: All Little Debbie Activity | I9: =AVERAGEIF(Sheet1!$D$2:$D$201, "Little Debbie", Sheet1!$L$2:$L$201) -> 2565.9397 | J9: =SUM(J6:J8) -> 297649 | K9: =SUM(K6:K8) -> 1378300
B10: Total Category | C10: =SUM(C6:C9) -> 4361750.6 | D10: =SUM(D6:D9) -> 1 | E10: =SUM(E6:E9) -> 1699540 | F10: =SUM(F6:F9) -> 1
B13: Top 5 Performing Little Debbie SKUs | H13: Regional Revenue Breakdown by Retail Channel
B14: Rank | C14: Product Description | D14: Total Dollar Sales | E14: Total Units Sold | F14: % of Brand Sales | H14: Region | I14: Walmart | J14: Kroger | K14: Target | L14: Convenience | M14: Total Regional Sales
B15: #1 | C15: =IFERROR(__xludf.DUMMYFUNCTION("QUERY(Sheet1!$D$2:$I$201, ""SELECT F, SUM(I), SUM(G) WHERE D = 'Little Debbie' GROUP BY F ORDER BY SUM(I) DESC LIMIT 5 LABEL F '', SUM(I) '', SUM(G) ''"")"),"Swiss Rolls") -> Swiss Rolls | D15: =IFERROR(__xludf.DUMMYFUNCTION("""COMPUTED_VALUE"""),574713.0) -> 574713 | E15: =IFERROR(__xludf.DUMMYFUNCTION("""COMPUTED_VALUE"""),248700.0) -> 248700 | F15: =D15/$C$6 -> 0.17841431 | H15: Southeast | I15: =SUMIFS(Sheet1!$I$2:$I$201, Sheet1!$C$2:$C$201, $H15, Sheet1!$B$2:$B$201, I$14) -> 1860656.5 | J15: =SUMIFS(Sheet1!$I$2:$I$201, Sheet1!$C$2:$C$201, $H15, Sheet1!$B$2:$B$201, J$14) -> 859856.5 | K15: =SUMIFS(Sheet1!$I$2:$I$201, Sheet1!$C$2:$C$201, $H15, Sheet1!$B$2:$B$201, K$14) -> 206160 | L15: =SUMIFS(Sheet1!$I$2:$I$201, Sheet1!$C$2:$C$201, $H15, Sheet1!$B$2:$B$201, L$14) -> 179411 | M15: =SUM(I15:L15) -> 3106084
B16: #2 | C16: =IFERROR(__xludf.DUMMYFUNCTION("""COMPUTED_VALUE"""),"Oatmeal Cream Pies") -> Oatmeal Cream Pies | D16: =IFERROR(__xludf.DUMMYFUNCTION("""COMPUTED_VALUE"""),470920.5) -> 470920.5 | E16: =IFERROR(__xludf.DUMMYFUNCTION("""COMPUTED_VALUE"""),195450.0) -> 195450 | F16: =D16/$C$6 -> 0.14619289 | H16: Midwest | I16: =SUMIFS(Sheet1!$I$2:$I$201, Sheet1!$C$2:$C$201, $H16, Sheet1!$B$2:$B$201, I$14) -> 289090 | J16: =SUMIFS(Sheet1!$I$2:$I$201, Sheet1!$C$2:$C$201, $H16, Sheet1!$B$2:$B$201, J$14) -> 272038.3 | K16: =SUMIFS(Sheet1!$I$2:$I$201, Sheet1!$C$2:$C$201, $H16, Sheet1!$B$2:$B$201, K$14) -> 165085.5 | L16: =SUMIFS(Sheet1!$I$2:$I$201, Sheet1!$C$2:$C$201, $H16, Sheet1!$B$2:$B$201, L$14) -> 17641 | M16: =SUM(I16:L16) -> 743854.8
B17: #3 | C17: =IFERROR(__xludf.DUMMYFUNCTION("""COMPUTED_VALUE"""),"Red White & Blue Cakes") -> Red White & Blue Cakes | D17: =IFERROR(__xludf.DUMMYFUNCTION("""COMPUTED_VALUE"""),316139.0) -> 316139 | E17: =IFERROR(__xludf.DUMMYFUNCTION("""COMPUTED_VALUE"""),139100.0) -> 139100 | F17: =D17/$C$6 -> 0.098142416 | H17: Northeast | I17: =SUMIFS(Sheet1!$I$2:$I$201, Sheet1!$C$2:$C$201, $H17, Sheet1!$B$2:$B$201, I$14) -> 162375 | J17: =SUMIFS(Sheet1!$I$2:$I$201, Sheet1!$C$2:$C$201, $H17, Sheet1!$B$2:$B$201, J$14) -> 0 | K17: =SUMIFS(Sheet1!$I$2:$I$201, Sheet1!$C$2:$C$201, $H17, Sheet1!$B$2:$B$201, K$14) -> 94126.8 | L17: =SUMIFS(Sheet1!$I$2:$I$201, Sheet1!$C$2:$C$201, $H17, Sheet1!$B$2:$B$201, L$14) -> 55739 | M17: =SUM(I17:L17) -> 312240.8
B18: #4 | C18: =IFERROR(__xludf.DUMMYFUNCTION("""COMPUTED_VALUE"""),"Cosmic Brownies") -> Cosmic Brownies | D18: =IFERROR(__xludf.DUMMYFUNCTION("""COMPUTED_VALUE"""),303837.0) -> 303837 | E18: =IFERROR(__xludf.DUMMYFUNCTION("""COMPUTED_VALUE"""),126300.0) -> 126300 | F18: =D18/$C$6 -> 0.094323374 | H18: West | I18: =SUMIFS(Sheet1!$I$2:$I$201, Sheet1!$C$2:$C$201, $H18, Sheet1!$B$2:$B$201, I$14) -> 115391.5 | J18: =SUMIFS(Sheet1!$I$2:$I$201, Sheet1!$C$2:$C$201, $H18, Sheet1!$B$2:$B$201, J$14) -> 0 | K18: =SUMIFS(Sheet1!$I$2:$I$201, Sheet1!$C$2:$C$201, $H18, Sheet1!$B$2:$B$201, K$14) -> 70159 | L18: =SUMIFS(Sheet1!$I$2:$I$201, Sheet1!$C$2:$C$201, $H18, Sheet1!$B$2:$B$201, L$14) -> 14020.5 | M18: =SUM(I18:L18) -> 199571
B19: #5 | C19: =IFERROR(__xludf.DUMMYFUNCTION("""COMPUTED_VALUE"""),"Zebra Cakes") -> Zebra Cakes | D19: =IFERROR(__xludf.DUMMYFUNCTION("""COMPUTED_VALUE"""),293725.0) -> 293725 | E19: =IFERROR(__xludf.DUMMYFUNCTION("""COMPUTED_VALUE"""),124500.0) -> 124500 | F19: =D19/$C$6 -> 0.091184198 | H19: Total Channel Sales | I19: =SUM(I15:I18) -> 2427513 | J19: =SUM(J15:J18) -> 1131894.8 | K19: =SUM(K15:K18) -> 535531.3 | L19: =SUM(L15:L18) -> 266811.5 | M19: =SUM(M15:M18) -> 4361750.6
